{"results": ["Baseline", "Optimized"], "pops": ["Rural males", "Rural females", "Urban males", "Urban females"], "t": {"Optimized": [2016.0, 2017.0, 2018.0, 2019.0, 2020.0, 2021.0, 2022.0, 2023.0, 2024.0, 2025.0, 2026.0, 2027.0, 2028.0, 2029.0, 2030.0, 2031.0, 2032.0, 2033.0, 2034.0, 2035.0], "Baseline": [2016.0, 2017.0, 2018.0, 2019.0, 2020.0, 2021.0, 2022.0, 2023.0, 2024.0, 2025.0, 2026.0, 2027.0, 2028.0, 2029.0, 2030.0, 2031.0, 2032.0, 2033.0, 2034.0, 2035.0]}, "data_t": [2016.0, 2017.0, 2018.0], "cascades": ["main"], "model": {"Optimized": {"main": {"Rural males": {"Treated": [127.00000000000017, 126.03363349034798, 124.58006786329584, 194.52817978615087, 256.0906421444932, 347.7744759714251, 458.6420920989382, 573.8710257940595, 688.0644450624382, 705.1969186645582, 701.9734609613861, 702.3907714924126, 702.3715994706747, 702.3631537523645, 702.3664705358833, 702.3657213175427, 702.3658417307604, 702.3658298885443, 702.3658294239783, 702.3658299843057], "Controlled": [40.99999999999999, 108.47363349034796, 96.22428650484017, 106.4578542658264, 160.91360853474734, 205.310621519728, 277.3559636226814, 361.11618068360474, 445.8891549229402, 528.9315695182936, 528.2342078462706, 525.5896734930551, 526.4415747515574, 526.2663139655156, 526.2917225642817, 526.2898340520326, 526.289543583451, 526.2897008322618, 526.2896614105773, 526.2896683540841], "Diagnosed": [172.00000000000045, 187.00000000000045, 202.00000000000048, 274.12898949422606, 373.67599921010344, 495.90671943256416, 625.2158964226596, 754.525073412755, 787.0000000000006, 787.0000000000006, 787.0000000000007, 787.0000000000007, 787.0000000000007, 787.0000000000007, 787.0000000000007, 787.0000000000007, 787.0000000000007, 787.0000000000007, 787.0000000000007, 787.0000000000007], "Prevalent": [787.0000000000006, 787.0000000000008, 787.0000000000008, 787.0000000000008, 787.0000000000007, 787.0000000000006, 787.0000000000007, 787.0000000000006, 787.0000000000006, 787.0000000000006, 787.0000000000007, 787.0000000000007, 787.0000000000007, 787.0000000000007, 787.0000000000007, 787.0000000000007, 787.0000000000007, 787.0000000000007, 787.0000000000007, 787.0000000000007], "Screened": [214.00000000000048, 334.00000000000057, 454.0000000000005, 598.0524514027438, 742.1049028054871, 787.0000000000006, 787.0000000000007, 787.0000000000006, 787.0000000000006, 787.0000000000006, 787.0000000000007, 787.0000000000007, 787.0000000000007, 787.0000000000007, 787.0000000000007, 787.0000000000007, 787.0000000000007, 787.0000000000007, 787.0000000000007, 787.0000000000007]}, "Rural females": {"Treated": [382.00000000000045, 354.7961655435049, 328.59532971548657, 476.24787985184116, 505.2156242436049, 594.3280735217426, 714.2028185560504, 841.3104278390937, 967.2411386674606, 985.7222259419752, 982.148807346466, 982.6304336154661, 982.6038488252954, 982.595254611522, 982.5989288211036, 982.5980642727177, 982.5982092235789, 982.5981937352958, 982.5981935215882, 982.5981941409557], "Controlled": [148.00000000000006, 322.1161655435049, 268.05674322852576, 279.17388316112726, 391.09229939128863, 392.96445068489743, 466.74329903893704, 556.1315936037191, 648.8042604199618, 739.4423503930748, 738.3449575830049, 735.500379357442, 736.4416646550706, 736.2434614417839, 736.2730995902011, 736.2707017886322, 736.2704130896902, 736.270590208168, 736.2705440214727, 736.2705524496059], "Diagnosed": [482.00000000000085, 483.0000000000009, 496.0000000000009, 549.5242898230969, 646.1133310108105, 778.3310698614414, 921.6667515204542, 1065.0024331794668, 1101.0000000000011, 1101.0000000000011, 1101.0000000000011, 1101.0000000000011, 1101.000000000001, 1101.0000000000011, 1101.000000000001, 1101.000000000001, 1101.000000000001, 1101.000000000001, 1101.000000000001, 1101.000000000001], "Prevalent": [1101.0000000000011, 1101.000000000001, 1101.000000000001, 1101.000000000001, 1101.000000000001, 1101.000000000001, 1101.0000000000011, 1101.0000000000011, 1101.0000000000011, 1101.0000000000011, 1101.0000000000011, 1101.0000000000011, 1101.000000000001, 1101.0000000000011, 1101.000000000001, 1101.000000000001, 1101.000000000001, 1101.000000000001, 1101.000000000001, 1101.000000000001], "Screened": [483.0000000000009, 583.0000000000009, 683.0000000000009, 863.8225966556967, 1044.6451933113926, 1101.000000000001, 1101.0000000000011, 1101.0000000000011, 1101.0000000000011, 1101.0000000000011, 1101.0000000000011, 1101.0000000000011, 1101.000000000001, 1101.0000000000011, 1101.000000000001, 1101.000000000001, 1101.000000000001, 1101.000000000001, 1101.000000000001, 1101.000000000001]}, "Urban females": {"Treated": [500.00000000000074, 466.55065597225644, 434.289363885664, 772.8984164234432, 885.1810080871144, 986.6875558937521, 1060.3747144494973, 1127.8418367693791, 1196.8498451757418, 1205.6509723173056, 1203.6268219743338, 1203.9613983262402, 1203.9289941449679, 1203.9266452479937, 1203.928707771601, 1203.9281106374115, 1203.9282293235112, 1203.9282129866835, 1203.9282138371477, 1203.9282141800738], "Controlled": [201.00000000000034, 420.39065597225635, 353.02685893010295, 369.113705985883, 647.6487152983066, 694.6676986772958, 767.6006281102829, 812.4009281968662, 857.5601160215475, 904.7756319589915, 903.0143358113679, 901.699966618155, 902.2207259075097, 902.09613250277, 902.1176418637878, 902.1152991156282, 902.1152452182175, 902.1153538627284, 902.1153198540791, 902.115326953488], "Diagnosed": [759.000000000001, 779.0000000000011, 799.0000000000009, 956.4243818326363, 1077.0693287768008, 1167.2855997311883, 1248.0065957645043, 1328.7275917978204, 1349.0000000000014, 1349.0000000000014, 1349.0000000000016, 1349.0000000000014, 1349.0000000000016, 1349.0000000000014, 1349.0000000000014, 1349.0000000000014, 1349.0000000000014, 1349.0000000000014, 1349.0000000000014, 1349.0000000000014], "Prevalent": [1349.0000000000014, 1349.0000000000016, 1349.0000000000014, 1349.0000000000014, 1349.0000000000014, 1349.0000000000014, 1349.0000000000014, 1349.0000000000014, 1349.0000000000014, 1349.0000000000014, 1349.0000000000016, 1349.0000000000014, 1349.0000000000016, 1349.0000000000014, 1349.0000000000014, 1349.0000000000014, 1349.0000000000014, 1349.0000000000014, 1349.0000000000014, 1349.0000000000014], "Screened": [1073.0000000000014, 1253.0000000000011, 1349.0000000000014, 1349.0000000000014, 1349.0000000000014, 1349.0000000000014, 1349.0000000000014, 1349.0000000000014, 1349.0000000000014, 1349.0000000000014, 1349.0000000000016, 1349.0000000000014, 1349.0000000000016, 1349.0000000000014, 1349.0000000000014, 1349.0000000000014, 1349.0000000000014, 1349.0000000000014, 1349.0000000000014, 1349.0000000000014]}, "Urban males": {"Treated": [180.00000000000034, 184.1089808575028, 186.94547080919537, 343.7978954193286, 467.5999440634388, 562.566208070744, 631.7427337092847, 695.0486235882167, 759.3206672728245, 768.2232077158895, 766.371060681152, 766.6456832384437, 766.6248784899472, 766.621450133805, 766.623343941406, 766.6228532753269, 766.6229430058306, 766.6229319491526, 766.6229322292787, 766.622932546479], "Controlled": [50.00000000000017, 155.10898085750276, 141.12803387199492, 160.1228910575492, 288.7117159004241, 375.7164505312578, 441.15412165199564, 486.88385464943605, 530.9986461790558, 576.4536871454537, 575.398045939199, 574.0480158278477, 574.5301662966287, 574.4225682334019, 574.4398228119436, 574.4381828383138, 574.4380779902087, 574.4381729267617, 574.438145880885, 574.4381511755236], "Diagnosed": [295.00000000000057, 325.00000000000057, 355.00000000000057, 499.2579789884519, 609.8126212791044, 692.4835313900338, 766.453316846018, 840.423102302002, 859.0000000000007, 859.0000000000007, 859.0000000000008, 859.0000000000008, 859.0000000000008, 859.0000000000007, 859.0000000000007, 859.0000000000008, 859.0000000000008, 859.0000000000008, 859.0000000000008, 859.0000000000009],